DROP DATABASE museu_apelles_fenosa;
CREATE DATABASE museu_apelles_fenosa;
USE museu_apelles_fenosa;

CREATE TABLE ubicaciones (
    ID_ubicacion INT PRIMARY KEY AUTO_INCREMENT,
    Descripcion_ubicacion TEXT NOT NULL,
    ID_padre INT,
    Fecha_inicio_ubicacion DATE NOT NULL,
    Fecha_fin_ubicacion DATE NOT NULL
);

CREATE TABLE exposiciones (
    ID_exposicion INT PRIMARY KEY AUTO_INCREMENT,
    Texto_exposicion TEXT NOT NULL,
    Tipo_exposicion VARCHAR(255) NOT NULL,
    Lugar_exposicion VARCHAR(255) NOT NULL,
    Fecha_inicio_exposicion DATE NOT NULL,
    Fecha_fin_exposicion DATE NOT NULL
);

CREATE TABLE obras (
    Numero_registro VARCHAR(255) PRIMARY KEY,
    Nombre_del_objeto VARCHAR(255) NOT NULL,
    Fotografia VARCHAR(255),
    Titulo VARCHAR(255) NOT NULL,
    Autor VARCHAR(255) NOT NULL,
    Datacion VARCHAR(255) NOT NULL,
    Anyo_inicial INT NOT NULL,
    Anyo_final INT NOT NULL,
    Fecha_de_registro DATE NOT NULL,
    Material VARCHAR(255) NOT NULL,
    Tecnica VARCHAR(255) NOT NULL,
    Clasificacion_generica VARCHAR(255) NOT NULL,
    Coleccion_de_procedencia VARCHAR(255) NOT NULL,
    Medidas_maxima_altura_cm FLOAT NOT NULL,
    Medidas_maxima_anchura_cm FLOAT NOT NULL,
    Medidas_maxima_profundidad_cm FLOAT NOT NULL,
    Nombre_museo VARCHAR(255) NOT NULL,
    FK_id_ubicacion INT,
    FK_id_exposicion INT,
    Estado_de_conservacion VARCHAR(255) NOT NULL,
    Descripcion_obra TEXT NOT NULL,
    Historia_del_objeto TEXT NOT NULL,
    Lugar_de_ejecucion VARCHAR(255) NOT NULL,
    Lugar_de_procedencia VARCHAR(255) NOT NULL,
    Numero_tiraje VARCHAR(255) NOT NULL,
    Otros_numeros_de_identificacion VARCHAR(255),
    Numero_de_ejemplares INT NOT NULL,
    Forma_de_ingreso VARCHAR(255) NOT NULL,
    Fecha_de_ingreso DATE NOT NULL,
    Fuente_de_ingreso VARCHAR(255) NOT NULL,
    Valoracion_economica DECIMAL(11,2) NOT NULL,
    Bibliografia TEXT NOT NULL,
    FOREIGN KEY (FK_id_ubicacion) REFERENCES ubicaciones(ID_ubicacion),
    FOREIGN KEY (FK_id_exposicion) REFERENCES exposiciones(ID_exposicion)
);

CREATE TABLE usuarios (
    ID_usuario INT PRIMARY KEY AUTO_INCREMENT,
    Foto_usuario VARCHAR(255),
    Usuario VARCHAR(255) NOT NULL,
    Nombre VARCHAR(255) NOT NULL,
    Apellidos VARCHAR(255),
    Contrasenya VARCHAR(255) NOT NULL,
    Correo_electronico VARCHAR(255),
    Telefono VARCHAR(255),
    Rol ENUM('Lector', 'Tècnic', 'Administració') NOT NULL,
    Estado ENUM('Actiu', 'Inactiu') NOT NULL
);

CREATE TABLE logs_obras (
    ID_log INT PRIMARY KEY AUTO_INCREMENT,
    FK_id_obra VARCHAR(255) NOT NULL,
    Baja VARCHAR(255) NOT NULL,
    Causa_baja VARCHAR(255) NOT NULL,
    Fecha_baja DATE NOT NULL,
    Persona_autorizada INT NOT NULL,
    FOREIGN KEY (FK_id_obra) REFERENCES obras(Numero_registro),
    FOREIGN KEY (Persona_autorizada) REFERENCES usuarios(ID_usuario)
);

CREATE TABLE restauraciones (
    ID_restauracion INT PRIMARY KEY AUTO_INCREMENT,
    FK_id_obra VARCHAR(255) NOT NULL,
    Comentario_restauracion TEXT NOT NULL,
    Nombre_restaurador VARCHAR(255) NOT NULL,
    Fecha_inicio_restauracion DATE NOT NULL,
    Fecha_fin_restauracion DATE NOT NULL,
    FOREIGN KEY (FK_id_obra) REFERENCES obras(Numero_registro)
);

CREATE TABLE movimientos (
    ID_movimiento INT PRIMARY KEY AUTO_INCREMENT,
    FK_id_obra VARCHAR(255) NOT NULL,
    Comentario_movimiento TEXT NOT NULL,
    Museo VARCHAR(255) NOT NULL,
    Fecha_inicio_movimiento DATE NOT NULL,
    Fecha_fin_movimiento DATE NOT NULL,
    FOREIGN KEY (FK_id_obra) REFERENCES obras(Numero_registro)
);

CREATE TABLE vocabularios (
    ID_vocabulario INT AUTO_INCREMENT PRIMARY KEY,
    Nombre_vocabulario VARCHAR(255) NOT NULL UNIQUE
);

CREATE TABLE campos (
    ID_campo INT AUTO_INCREMENT PRIMARY KEY,
    Nombre_campo VARCHAR(255) NOT NULL,
    FK_vocabulario INT NOT NULL,
    FOREIGN KEY (FK_vocabulario) REFERENCES vocabularios(ID_vocabulario)
);

CREATE TABLE copias_seguridad (
    ID_copia INT PRIMARY KEY AUTO_INCREMENT,
    Nombre_copia VARCHAR(255) NOT NULL,
    Descripcion_copia TEXT,
    Fecha_copia DATE NOT NULL,
    FK_id_creador INT NOT NULL,
    FOREIGN KEY (FK_id_creador) REFERENCES usuarios(ID_usuario)
);

INSERT INTO ubicaciones (Descripcion_ubicacion, ID_padre, Fecha_inicio_ubicacion, Fecha_fin_ubicacion) VALUES
('Sala de Arte Antiguo', NULL, '2020-01-01', '2023-12-31'),
('Galería Renacimiento', 1, '2021-01-01', '2023-12-31'),
('Exhibición Barroca', 2, '2021-02-01', '2023-12-31'),
('Colección Moderna', NULL, '2019-03-01', '2023-12-31'),
('Arte Asiático', NULL, '2022-01-01', '2023-12-31'),
('Galería Oriental', 5, '2022-03-15', '2023-12-31'),
('Colección Románica', NULL, '2021-05-01', '2023-12-31'),
('Museo del Renacimiento', 1, '2020-10-01', '2023-12-31'),
('Sala de Escultura', 7, '2021-06-01', '2023-12-31'),
('Galería Egipcia', NULL, '2019-04-01', '2023-12-31'),
('Sala de Pintura', NULL, '2021-09-01', '2023-12-31'),
('Sala de Escultura Moderna', 4, '2020-05-15', '2023-12-31'),
('Galería de Retratos', 11, '2022-03-01', '2023-12-31'),
('Colección Clásica', NULL, '2021-02-15', '2023-12-31'),
('Sala de Exposiciones Temporales', NULL, '2022-06-01', '2023-12-31'),
('Colección Contemporánea', NULL, '2020-07-01', '2023-12-31'),
('Galería Mesoamericana', 10, '2021-12-01', '2023-12-31'),
('Museo de Antropología', NULL, '2019-05-01', '2023-12-31'),
('Galería Europea', NULL, '2020-02-01', '2023-12-31'),
('Sala de Arte Indígena', 18, '2021-07-01', '2023-12-31'),
('Galería Romana', 7, '2020-10-01', '2023-12-31'),
('Museo Histórico', NULL, '2019-03-01', '2023-12-31'),
('Sala de Numismática', NULL, '2021-08-01', '2023-12-31'),
('Galería Medieval', NULL, '2020-06-01', '2023-12-31'),
('Colección de Manuscritos', 22, '2021-01-01', '2023-12-31'),
('Museo de Arte Precolombino', NULL, '2022-04-01', '2023-12-31'),
('Sala de Arte Bizantino', 18, '2020-08-01', '2023-12-31'),
('Colección Griega', NULL, '2021-10-01', '2023-12-31'),
('Sala de Artes Decorativas', 24, '2022-07-01', '2023-12-31'),
('Museo de Historia Natural', NULL, '2019-09-01', '2023-12-31');

INSERT INTO exposiciones (Texto_exposicion, Tipo_exposicion, Lugar_exposicion, Fecha_inicio_exposicion, Fecha_fin_exposicion) VALUES
('Arte Moderno Internacional', 'Temporal', 'Sala de Arte Moderno', '2022-01-01', '2022-12-31'),
('Exhibición Barroca en Contexto', 'Permanente', 'Galería Renacimiento', '2023-01-01', '2023-12-31'),
('Pinturas Renacentistas', 'Temporal', 'Museo del Renacimiento', '2021-02-01', '2021-12-31'),
('Esculturas Clásicas', 'Temporal', 'Sala de Escultura', '2020-03-01', '2020-10-31'),
('Muestra de Arte Egipcio', 'Permanente', 'Galería Egipcia', '2019-01-01', '2023-12-31'),
('Colección Asiática', 'Temporal', 'Galería Oriental', '2021-07-01', '2021-12-31'),
('Exposición Medieval', 'Permanente', 'Galería Medieval', '2020-05-01', '2023-12-31'),
('Impresionismo', 'Temporal', 'Museo de Historia Natural', '2019-06-01', '2020-01-31'),
('Arte Contemporáneo Latinoamericano', 'Permanente', 'Sala de Arte Indígena', '2021-09-01', '2023-12-31'),
('Pintura Abstracta', 'Temporal', 'Sala de Pintura', '2022-05-01', '2022-10-31'),
('Escultura Moderna', 'Temporal', 'Sala de Escultura Moderna', '2023-03-01', '2023-09-01'),
('Colección Fotográfica', 'Temporal', 'Galería de Retratos', '2021-04-01', '2021-11-30'),
('Arte Asiático', 'Permanente', 'Arte Asiático', '2022-02-01', '2023-12-31'),
('Manuscritos Históricos', 'Temporal', 'Colección de Manuscritos', '2021-06-01', '2021-12-31'),
('Colección Greco-Romana', 'Temporal', 'Galería Romana', '2022-08-01', '2023-04-01'),
('Pintura Flamenca', 'Temporal', 'Galería Europea', '2020-09-01', '2021-02-28'),
('Arte Precolombino', 'Temporal', 'Museo de Arte Precolombino', '2021-03-01', '2022-03-01'),
('Exposición de Manuscritos', 'Temporal', 'Colección de Manuscritos', '2021-11-01', '2022-02-28'),
('Arte Sacro', 'Permanente', 'Galería Medieval', '2019-08-01', '2023-12-31'),
('Numismática Antigua', 'Temporal', 'Sala de Numismática', '2021-05-01', '2021-09-30'),
('Arte Nativo Americano', 'Temporal', 'Sala de Arte Indígena', '2022-06-01', '2022-12-31'),
('Arte Abstracto', 'Temporal', 'Sala de Arte Moderno', '2021-10-01', '2022-03-01'),
('Obras Bizantinas', 'Temporal', 'Sala de Arte Bizantino', '2020-11-01', '2021-04-01'),
('Pintura Renacentista Española', 'Temporal', 'Galería Europea', '2019-04-01', '2019-12-01'),
('Obras Islámicas', 'Temporal', 'Galería Oriental', '2020-07-01', '2021-01-01'),
('Artes Decorativas', 'Permanente', 'Sala de Artes Decorativas', '2022-03-01', '2023-12-31'),
('Arte Griego', 'Temporal', 'Colección Griega', '2021-12-01', '2022-12-31'),
('Escultura Europea', 'Temporal', 'Sala de Escultura', '2020-09-01', '2021-03-31'),
('Historia Natural', 'Temporal', 'Museo de Historia Natural', '2019-05-01', '2019-11-30'),
('Historia del Arte Latinoamericano', 'Permanente', 'Galería Mesoamericana', '2022-04-01', '2023-12-31');

INSERT INTO obras (Numero_registro, Nombre_del_objeto, Fotografia, Titulo, Autor, Datacion, Anyo_inicial, Anyo_final, Fecha_de_registro, Material, Tecnica, Clasificacion_generica, Coleccion_de_procedencia, Medidas_maxima_altura_cm, Medidas_maxima_anchura_cm, Medidas_maxima_profundidad_cm, Nombre_museo, FK_id_ubicacion, FK_id_exposicion, Estado_de_conservacion, Descripcion_obra, Historia_del_objeto, Lugar_de_ejecucion, Lugar_de_procedencia, Numero_tiraje, Otros_numeros_de_identificacion, Numero_de_ejemplares, Forma_de_ingreso, Fecha_de_ingreso, Fuente_de_ingreso, Valoracion_economica, Bibliografia) VALUES
('OB001', 'Escultura de Mármol', 'foto_001.jpg', 'El Pensador', 'Auguste Rodin', 'Siglo XIX', 1880, 1882, '2023-01-01', 'Mármol', 'Talla', 'Escultura', 'Colección Permanente', 180.5, 100.0, 70.0, 'Museo de Arte Moderno', 1, 1, 'Buena', 'Escultura de un pensador', 'Obra adquirida en 1900', 'París', 'Francia', 'N/A', NULL, 1, 'Donación', '2023-01-02', 'Auguste Rodin Foundation', 5000000.00, 'Referencia histórica de Rodin'),
('OB002', 'Pintura de Óleo', 'foto_002.jpg', 'La Gioconda', 'Leonardo da Vinci', 'Siglo XVI', 1503, 1519, '2022-12-15', 'Óleo sobre tabla', 'Óleo', 'Pintura', 'Colección del Louvre', 77.0, 53.0, 2.0, 'Museo del Louvre', 3, 2, 'Excelente', 'Pintura famosa de una mujer enigmática', 'Adquirida por Francisco I de Francia', 'Florencia', 'Italia', 'N/A', NULL, 1, 'Compra', '2023-01-03', 'Museo del Louvre', 850000000.00, 'Documentación del Louvre'),
('OB003', 'Escultura de Bronce', 'foto_003.jpg', 'David', 'Miguel Ángel', 'Siglo XVI', 1501, 1504, '2022-11-05', 'Bronce', 'Fundición', 'Escultura', 'Colección Florentina', 517.0, 199.0, 120.0, 'Museo de Florencia', 2, 3, 'Excelente', 'Escultura del héroe bíblico David', 'Obra maestra de Miguel Ángel', 'Florencia', 'Italia', 'N/A', NULL, 1, 'Herencia', '2023-01-15', 'Gobierno de Italia', 120000000.00, 'Referencia histórica de Miguel Ángel'),
('OB004', 'Cuadro al Óleo', 'foto_004.jpg', 'Noche Estrellada', 'Vincent van Gogh', 'Siglo XIX', 1889, 1889, '2023-02-01', 'Óleo sobre lienzo', 'Óleo', 'Pintura', 'Colección del MoMA', 73.7, 92.1, 2.5, 'Museo de Arte Moderno', 4, 4, 'Bueno', 'Pintura que muestra un cielo estrellado', 'Obra producida durante su internamiento', 'Saint-Rémy-de-Provence', 'Francia', 'N/A', NULL, 1, 'Compra', '2023-02-02', 'Donación de particulares', 100000000.00, 'Análisis y contexto de la obra'),
('OB005', 'Escultura en Piedra', 'foto_005.jpg', 'Venus de Milo', 'Desconocido', 'Siglo II a.C.', -130, -100, '2022-10-10', 'Mármol', 'Esculpido', 'Escultura', 'Museo del Louvre', 203.0, 55.0, 60.0, 'Museo del Louvre', 1, 5, 'Restaurada', 'Estatua de la diosa griega Afrodita', 'Obra encontrada en Milos', 'Milos', 'Grecia', 'N/A', NULL, 1, 'Donación', '2023-01-20', 'Gobierno Griego', 600000000.00, 'Estudios de restauración'),
('OB006', 'Cuadro al Óleo', 'foto_006.jpg', 'El Grito', 'Edvard Munch', 'Siglo XIX', 1893, 1893, '2023-03-01', 'Óleo sobre cartón', 'Óleo', 'Pintura', 'Galería Nacional de Noruega', 91.0, 73.5, 2.5, 'Galería Nacional de Noruega', 2, 6, 'Regular', 'Pintura expresionista de una figura gritando', 'Obra significativa de Munch', 'Oslo', 'Noruega', 'N/A', NULL, 1, 'Donación', '2023-03-03', 'Fundación Munch', 500000000.00, 'Análisis de contexto expresionista'),
('OB007', 'Cuadro al Óleo', 'foto_007.jpg', 'La persistencia de la memoria', 'Salvador Dalí', 'Siglo XX', 1931, 1931, '2023-04-01', 'Óleo sobre lienzo', 'Óleo', 'Pintura', 'Museo de Arte Moderno', 24.1, 33.0, 1.0, 'Museo de Arte Moderno', 4, 7, 'Excelente', 'Pintura de relojes derretidos', 'Obra surrealista de Dalí', 'Nueva York', 'EE.UU.', 'N/A', NULL, 1, 'Compra', '2023-04-02', 'Colección Dalí', 150000000.00, 'Análisis surrealista'),
('OB008', 'Pintura al Temple', 'foto_008.jpg', 'El Nacimiento de Venus', 'Sandro Botticelli', 'Siglo XV', 1485, 1486, '2022-07-05', 'Temple sobre lienzo', 'Temple', 'Pintura', 'Galería de los Uffizi', 172.5, 278.5, 3.0, 'Galería de los Uffizi', 1, 8, 'Restaurada', 'Pintura de la diosa Venus en una concha', 'Creación inspirada en la mitología romana', 'Florencia', 'Italia', 'N/A', NULL, 1, 'Herencia', '2023-01-15', 'Gobierno Italiano', 95000000.00, 'Documentación del Museo de Uffizi'),
('OB009', 'Pintura de Óleo', 'foto_009.jpg', 'Guernica', 'Pablo Picasso', 'Siglo XX', 1937, 1937, '2022-08-01', 'Óleo sobre lienzo', 'Óleo', 'Pintura', 'Museo Reina Sofía', 349.0, 776.0, 2.0, 'Museo Reina Sofía', 9, 9, 'Bueno', 'Pintura expresionista de la Guerra Civil Española', 'Obra que denuncia la violencia y la guerra', 'Madrid', 'España', 'N/A', NULL, 1, 'Donación', '2023-01-03', 'Fundación Picasso', 200000000.00, 'Estudios sobre la obra y su contexto'),
('OB010', 'Escultura de Bronce', 'foto_010.jpg', 'El Discóbolo', 'Mirón', 'Siglo V a.C.', -450, -440, '2023-04-10', 'Bronce', 'Fundición', 'Escultura', 'Museo Británico', 155.0, 75.0, 50.0, 'Museo Británico', 5, 10, 'Regular', 'Escultura de un atleta lanzando un disco', 'Obra representativa de la Grecia Clásica', 'Atenas', 'Grecia', 'N/A', NULL, 1, 'Herencia', '2023-01-10', 'Gobierno Británico', 100000000.00, 'Estudios de restauración histórica'),
('OB011', 'Escultura de Cera', 'foto_011.jpg', 'Marilyn Monroe', 'Andy Warhol', 'Siglo XX', 1962, 1962, '2023-05-05', 'Cera', 'Fundición', 'Escultura', 'Museo Andy Warhol', 120.0, 90.0, 50.0, 'Museo de Arte Contemporáneo', 6, 11, 'Excelente', 'Escultura pop art de Marilyn Monroe', 'Icono de la cultura pop de los años 60', 'Nueva York', 'EE.UU.', 'N/A', NULL, 1, 'Compra', '2023-05-10', 'Fundación Warhol', 70000000.00, 'Análisis de la cultura pop'),
('OB012', 'Pintura de Tinta', 'foto_012.jpg', 'El Monte Fuji', 'Hokusai', 'Siglo XIX', 1830, 1832, '2023-06-15', 'Papel', 'Tinta', 'Pintura', 'Colección Japonesa', 28.0, 41.0, 1.0, 'Museo Nacional de Tokio', 10, 12, 'Bueno', 'Dibujo del Monte Fuji', 'Obra representativa de Hokusai', 'Tokio', 'Japón', 'N/A', NULL, 1, 'Donación', '2023-06-20', 'Gobierno Japonés', 8000000.00, 'Estudios japoneses tradicionales'),
('OB013', 'Vasija Cerámica', 'foto_013.jpg', 'Vasija Nazca', 'Desconocido', 'Siglo V', 400, 500, '2022-12-25', 'Cerámica', 'Pintura', 'Cerámica', 'Colección Precolombina', 25.0, 15.0, 15.0, 'Museo de Antropología', 7, 13, 'Restaurada', 'Vasija con motivos geométricos', 'Obra de la cultura Nazca', 'Nazca', 'Perú', 'N/A', NULL, 1, 'Compra', '2023-01-01', 'Instituto Nacional de Cultura', 200000.00, 'Análisis de la cultura Nazca'),
('OB014', 'Pintura Acrílica', 'foto_014.jpg', 'Los girasoles', 'Vincent van Gogh', 'Siglo XIX', 1888, 1888, '2022-10-25', 'Lienzo', 'Acrílico', 'Pintura', 'Colección Girasoles', 92.1, 73.0, 2.0, 'Museo Van Gogh', 8, 14, 'Excelente', 'Pintura de girasoles', 'Serie de pinturas de girasoles', 'Arlés', 'Francia', 'N/A', NULL, 1, 'Compra', '2023-03-15', 'Museo Van Gogh', 85000000.00, 'Documentación y análisis de la serie de girasoles'),
('OB015', 'Máscara Ritual', 'foto_015.jpg', 'Máscara de Obatala', 'Desconocido', 'Siglo XVIII', 1750, 1790, '2022-09-15', 'Madera', 'Tallado', 'Máscara', 'Colección Yoruba', 30.0, 20.0, 15.0, 'Museo Etnográfico', 9, 15, 'Restaurada', 'Máscara utilizada en rituales religiosos', 'Obra ritual de la cultura Yoruba', 'Nigeria', 'Nigeria', 'N/A', NULL, 1, 'Donación', '2023-01-30', 'Colección Ancestral', 100000.00, 'Estudios etnográficos'),
('OB016', 'Escultura de Madera', 'foto_016.jpg', 'Buda Reclinado', 'Desconocido', 'Siglo VIII', 740, 760, '2022-08-12', 'Madera', 'Tallado', 'Escultura', 'Colección Asiática', 150.0, 300.0, 60.0, 'Museo de Historia Asiática', 1, 16, 'Restaurada', 'Escultura de Buda reclinado', 'Encontrada en un templo budista', 'Nara', 'Japón', 'N/A', NULL, 1, 'Compra', '2023-02-12', 'Fundación Budista', 3500000.00, 'Historia de templos budistas'),
('OB017', 'Pintura de Acuarela', 'foto_017.jpg', 'Jardín en Giverny', 'Claude Monet', 'Siglo XIX', 1890, 1890, '2023-07-01', 'Papel', 'Acuarela', 'Pintura', 'Colección Monet', 65.0, 80.0, 1.5, 'Museo de Orsay', 3, 17, 'Bueno', 'Pintura de un jardín de flores', 'Parte de la serie de Giverny', 'Giverny', 'Francia', 'N/A', NULL, 1, 'Herencia', '2023-02-20', 'Fundación Monet', 4500000.00, 'Análisis impresionista de Monet'),
('OB018', 'Escultura de Mármol', 'foto_018.jpg', 'Victoria de Samotracia', 'Desconocido', 'Siglo II a.C.', -200, -190, '2022-09-25', 'Mármol', 'Esculpido', 'Escultura', 'Colección Griega', 245.0, 210.0, 75.0, 'Museo del Louvre', 2, 18, 'Excelente', 'Escultura de la diosa alada', 'Obra maestra de la escultura helenística', 'Samotracia', 'Grecia', 'N/A', NULL, 1, 'Donación', '2023-01-05', 'Gobierno Griego', 700000000.00, 'Estudios sobre escultura helenística'),
('OB019', 'Tazón Cerámico', 'foto_019.jpg', 'Tazón de la Dinastía Ming', 'Desconocido', 'Siglo XV', 1403, 1424, '2023-08-10', 'Porcelana', 'Pintura', 'Cerámica', 'Colección Imperial China', 15.0, 20.0, 20.0, 'Museo Nacional de China', 4, 19, 'Excelente', 'Tazón con motivos florales', 'Pieza de la dinastía Ming', 'Beijing', 'China', 'N/A', NULL, 1, 'Compra', '2023-08-15', 'Fundación del Patrimonio Chino', 30000000.00, 'Estudio histórico de la dinastía Ming'),
('OB020', 'Talla de Madera', 'foto_020.jpg', 'Cabeza Olmeca', 'Desconocido', 'Siglo XI a.C.', -1100, -900, '2023-06-18', 'Madera', 'Tallado', 'Escultura', 'Colección Prehispánica', 300.0, 200.0, 100.0, 'Museo de Antropología', 6, 20, 'Restaurada', 'Escultura de una cabeza gigante', 'Representación cultural de la civilización Olmeca', 'La Venta', 'México', 'N/A', NULL, 1, 'Herencia', '2023-06-20', 'Instituto Nacional de Cultura', 1000000.00, 'Estudio de culturas prehispánicas'),
('OB021', 'Cuadro de Óleo', 'foto_021.jpg', 'El Beso', 'Gustav Klimt', 'Siglo XX', 1907, 1908, '2023-04-01', 'Lienzo', 'Óleo', 'Pintura', 'Colección Belvedere', 180.0, 180.0, 2.0, 'Galería Belvedere', 8, 21, 'Excelente', 'Pintura de una pareja abrazándose', 'Obra maestra del simbolismo', 'Viena', 'Austria', 'N/A', NULL, 1, 'Compra', '2023-05-10', 'Fundación Klimt', 300000000.00, 'Análisis de la obra de Klimt'),
('OB022', 'Pintura al Pastel', 'foto_022.jpg', 'Bailarinas', 'Edgar Degas', 'Siglo XIX', 1874, 1876, '2023-05-12', 'Papel', 'Pastel', 'Pintura', 'Colección Degas', 120.0, 80.0, 1.5, 'Museo de Orsay', 3, 22, 'Bueno', 'Pintura de bailarinas en movimiento', 'Serie sobre la danza y el ballet', 'París', 'Francia', 'N/A', NULL, 1, 'Donación', '2023-05-15', 'Fundación Degas', 2500000.00, 'Estudios sobre el impresionismo de Degas'),
('OB023', 'Cuadro de Tinta', 'foto_023.jpg', 'Dragón en Niebla', 'Sesshū Tōyō', 'Siglo XV', 1440, 1460, '2023-07-15', 'Seda', 'Tinta', 'Pintura', 'Colección Japonesa', 80.0, 120.0, 1.0, 'Museo Nacional de Tokio', 10, 23, 'Bueno', 'Pintura de un dragón en un paisaje nebuloso', 'Obra clásica de la pintura japonesa', 'Kioto', 'Japón', 'N/A', NULL, 1, 'Compra', '2023-07-20', 'Fundación Japonesa', 5000000.00, 'Documentación sobre arte japonés'),
('OB024', 'Escultura de Bronce', 'foto_024.jpg', 'Augusto de Prima Porta', 'Desconocido', 'Siglo I', 15, 20, '2023-02-10', 'Bronce', 'Fundición', 'Escultura', 'Museo Vaticano', 210.0, 90.0, 50.0, 'Museo Vaticano', 7, 24, 'Excelente', 'Estatua de Augusto César en pose militar', 'Estatua representativa de la Roma Antigua', 'Roma', 'Italia', 'N/A', NULL, 1, 'Herencia', '2023-02-15', 'Museo Vaticano', 150000000.00, 'Historia y restauración de esculturas romanas'),
('OB025', 'Cuadro de Óleo', 'foto_025.jpg', 'Impresión, sol naciente', 'Claude Monet', 'Siglo XIX', 1872, 1872, '2023-05-10', 'Lienzo', 'Óleo', 'Pintura', 'Colección Monet', 48.0, 63.0, 1.0, 'Museo Marmottan Monet', 3, 25, 'Bueno', 'Paisaje de un puerto al amanecer', 'Obra que da nombre al movimiento impresionista', 'Le Havre', 'Francia', 'N/A', NULL, 1, 'Donación', '2023-06-01', 'Museo Marmottan Monet', 9000000.00, 'Estudios sobre el impresionismo'),
('OB026', "Cuadro de Acrílico", "foto_026.jpg", "Campbell's Soup Cans", "Andy Warhol", "Siglo XX", 1962, 1962, "2023-03-10", "Lienzo", "Acrílico", "Pintura", "Colección Warhol", 51.0, 41.0, 2.0, "Museo de Arte Moderno", 4, 26, "Excelente", "Serie de latas de sopa Campbell", "Icono del arte pop", "Nueva York", "EE.UU.", "N/A", NULL, 1, "Compra", "2023-04-15", "Fundación Warhol", 90000000.00, "Análisis de la cultura pop"),
('OB027', "Vasija de Cerámica", "foto_027.jpg", "Vasija Chupicuaro", "Desconocido", "Siglo II a.C.", -200, -100, "2023-01-12", "Cerámica", "Pintura", "Cerámica", "Colección Prehispánica", 25.0, 20.0, 15.0, "Museo de Antropología", 5, 27, "Restaurada", "Vasija con motivos de la cultura Chupicuaro", "Obra representativa de la cerámica prehispánica", "Michoacán", "México", "N/A", NULL, 1, "Donación", "2023-02-01", "Colección Ancestral", 50000.00, "Estudios sobre cerámica prehispánica"),
('OB028', "Escultura de Metal", "foto_028.jpg", "El Hombre de Vitruvio", "Leonardo da Vinci", "Siglo XV", 1490, 1490, "2023-09-05", "Metal", "Grabado", "Escultura", "Colección Da Vinci", 70.0, 50.0, 10.0, "Museo de Arte", 8, 28, "Excelente", "Estatua basada en los estudios de proporción de Da Vinci", "Representación del ideal de la belleza humana", "Italia", "Italia", "N/A", NULL, 1, "Compra", "2023-09-10", "Fundación Da Vinci", 2000000.00, "Estudios sobre arte renacentista"),
('OB029', "Pintura de Óleo", "foto_029.jpg", "La noche estrellada", "Vincent van Gogh", "Siglo XIX", 1889, 1889, "2023-01-15", "Lienzo", "Óleo", "Pintura", "Colección Van Gogh", 73.0, 92.0, 3.0, "Museo Van Gogh", 6, 29, "Excelente", "Pintura del cielo estrellado", "Obra emblemática de Van Gogh", "Saint-Rémy-de-Provence", "Francia", "N/A", NULL, 1, "Donación", "2023-01-20", "Museo Van Gogh", 100000000.00, "Análisis del arte postimpresionista"),
('OB030', "Escultura de Terracota", "foto_030.jpg", "Guerreros de Terracota", "Desconocido", "Siglo III a.C.", -210, -210, "2022-11-11", "Terracota", "Modelado", "Escultura", "Colección China", 180.0, 200.0, 50.0, "Museo de la Historia China", 10, 30, "Excelente", "Ejército de figuras de terracota", "Representación del ejército del primer emperador de China", "Xi'an", "China", "N/A", NULL, 1, "Compra", "2023-03-30", "Gobierno Chino", 300000000.00, "Estudios sobre la dinastía Qin");

INSERT INTO usuarios (Foto_usuario, Usuario, Nombre, Apellidos, Contrasenya, Correo_electronico, Telefono, Rol, Estado) VALUES
("foto1.jpg", "Administracion1", "Juan", "Perez", "123", "juan.perez@example.com", "555-001", "Administració", "Actiu"),
("foto2.jpg", "Tecnico1", "Ana", "Gomez", "123", "ana.gomez@example.com", "555-002", "Tècnic", "Actiu"),
("foto3.jpg", "Administracion2", "Luis", "Martinez", "123", "luis.martinez@example.com", "555-003", "Administració", "Inactiu"),
("foto4.jpg", "Tecnico2", "Maria", "Lopez", "123", "maria.lopez@example.com", "555-004", "Tècnic", "Actiu"),
("foto5.jpg", "Administracion3", "Carlos", "Fernandez", "123", "carlos.fernandez@example.com", "555-005", "Administració", "Actiu"),
("foto6.jpg", "Tecnico3", "Veronica", "Diaz", "123", "veronica.diaz@example.com", "555-006", "Tècnic", "Inactiu"),
("foto7.jpg", "Administracion4", "Fernando", "Ruiz", "123", "fernando.ruiz@example.com", "555-007", "Administració", "Actiu"),
("foto8.jpg", "Tecnico4", "Elena", "Torres", "123", "elena.torres@example.com", "555-008", "Tècnic", "Actiu"),
("foto9.jpg", "Administracion5", "Javier", "Silva", "123", "javier.silva@example.com", "555-009", "Administració", "Inactiu"),
("foto10.jpg", "Tecnico5", "Patricia", "Morales", "123", "patricia.morales@example.com", "555-010", "Tècnic", "Actiu"),
("foto11.jpg", "Administracion6", "Ricardo", "Soto", "123", "ricardo.soto@example.com", "555-011", "Administració", "Actiu"),
("foto12.jpg", "Tecnico6", "Claudia", "Ramirez", "123", "claudia.ramirez@example.com", "555-012", "Tècnic", "Inactiu"),
("foto13.jpg", "Administracion7", "Jose", "Castillo", "123", "jose.castillo@example.com", "555-013", "Administració", "Actiu"),
("foto14.jpg", "Tecnico7", "Lucia", "Herrera", "123", "lucia.herrera@example.com", "555-014", "Tècnic", "Actiu"),
("foto15.jpg", "Administracion8", "Manuel", "Delgado", "123", "manuel.delgado@example.com", "555-015", "Administració", "Inactiu"),
("foto16.jpg", "Tecnico8", "Veronica", "Nunez", "123", "veronica.nunez@example.com", "555-016", "Tècnic", "Actiu"),
("foto17.jpg", "Administracion9", "Alberto", "Medina", "123", "alberto.medina@example.com", "555-017", "Administració", "Actiu"),
("foto18.jpg", "Tecnico9", "Marisol", "Gomez", "123", "marisol.gomez@example.com", "555-018", "Tècnic", "Inactiu"),
("foto19.jpg", "Administracion10", "Luis", "Ramos", "123", "luis.ramos@example.com", "555-019", "Administració", "Actiu"),
("foto20.jpg", "Tecnico10", "Ines", "Cruz", "123", "ines.cruz@example.com", "555-020", "Tècnic", "Actiu"),
("foto21.jpg", "Administracion11", "Ricardo", "Diaz", "123", "ricardo.diaz@example.com", "555-021", "Administració", "Inactiu"),
("foto22.jpg", "Tecnico11", "Elena", "Garcia", "123", "elena.garcia@example.com", "555-022", "Tècnic", "Actiu"),
("foto23.jpg", "Administracion12", "Fernando", "Martinez", "123", "fernando.martinez@example.com", "555-023", "Administració", "Actiu"),
("foto24.jpg", "Tecnico12", "Ana", "Torres", "123", "ana.torres@example.com", "555-024", "Tècnic", "Inactiu"),
("foto25.jpg", "Administracion13", "Juan", "Perez", "123", "juan.perez2@example.com", "555-025", "Administració", "Actiu"),
("foto26.jpg", "Tecnico13", "Patricia", "Garcia", "123", "patricia.garcia@example.com", "555-026", "Tècnic", "Actiu"),
("foto27.jpg", "Administracion14", "Ricardo", "Jimenez", "123", "ricardo.jimenez@example.com", "555-027", "Administració", "Inactiu"),
("foto28.jpg", "Tecnico14", "Laura", "Fernandez", "123", "laura.fernandez@example.com", "555-028", "Tècnic", "Actiu"),
("foto29.jpg", "Administracion15", "Carlos", "Hernandez", "123", "carlos.hernandez@example.com", "555-029", "Administració", "Actiu"),
("foto30.jpg", "Tecnico15", "Marta", "Sanchez", "123", "marta.sanchez@example.com", "555-030", "Tècnic", "Inactiu");

INSERT INTO logs_obras (FK_id_obra, Baja, Causa_baja, Fecha_baja, Persona_autorizada) VALUES
('OB001', "Baja por deterioro", "Deterioro irreparable", "2024-01-10", 1),
('OB002', "Baja temporal", "Exposición en otra localidad", "2024-02-15", 2),
('OB003', "Baja por actualización de colección", "Reemplazo por nueva obra", "2024-03-20", 3),
('OB004', "Baja permanente", "Destrucción", "2024-04-25", 1),
('OB005', "Baja temporal", "Restauración", "2024-05-30", 2),
('OB006', "Baja por deterioro", "Pérdida de calidad", "2024-06-10", 1),
('OB007', "Baja por actualización de colección", "Obra no relevante", "2024-07-15", 2),
('OB008', "Baja permanente", "Daño irreparable", "2024-08-20", 3),
('OB009', "Baja temporal", "Exposición en otro museo", "2024-09-10", 1),
('OB010', "Baja por deterioro", "Deterioro físico", "2024-10-05", 2),
('OB011', "Baja por actualización de colección", "Obra de baja demanda", "2024-11-01", 1),
('OB012', "Baja temporal", "Revisión técnica", "2024-12-15", 2),
('OB013', "Baja por deterioro", "Restauración fallida", "2024-01-20", 3),
('OB014', "Baja permanente", "Vendido", "2024-02-15", 1),
('OB015', "Baja temporal", "Reubicación", "2024-03-10", 2),
('OB016', "Baja por deterioro", "Deterioro por agua", "2024-04-05", 3),
('OB017', "Baja por actualización de colección", "Cambio de curaduría", "2024-05-01", 1),
('OB018', "Baja temporal", "Exposición en el extranjero", "2024-06-20", 2),
('OB019', "Baja por deterioro", "Pérdida de color", "2024-07-15", 1),
('OB020', "Baja permanente", "Destrucción por incendio", "2024-08-10", 2),
('OB021', "Baja temporal", "Exposición itinerante", "2024-09-05", 3),
('OB022', "Baja por actualización de colección", "Obra de interés limitado", "2024-10-01", 1),
('OB023', "Baja por deterioro", "Deterioro por insectos", "2024-11-20", 2),
('OB024', "Baja permanente", "Destrucción intencionada", "2024-12-25", 3),
('OB025', "Baja temporal", "Préstamo a otra institución", "2024-01-05", 1),
('OB026', "Baja por deterioro", "Condiciones ambientales", "2024-02-10", 2),
('OB027', "Baja temporal", "Reparación", "2024-03-05", 1),
('OB028', "Baja permanente", "Venta", "2024-04-15", 2),
('OB029', "Baja por actualización de colección", "Sustitución por obra nueva", "2024-05-30", 1),
('OB030', "Baja temporal", "Exposición especial", "2024-06-15", 2);

INSERT INTO restauraciones (FK_id_obra, Comentario_restauracion, Nombre_restaurador, Fecha_inicio_restauracion, Fecha_fin_restauracion) VALUES
('OB001', "Restauración de la pintura", "Juan Pérez", "2023-01-01", "2023-03-01"),
('OB002', "Limpieza y mantenimiento", "Ana Gómez", "2023-02-01", "2023-04-01"),
('OB003', "Restauración de marcos", "Luis Martínez", "2023-03-01", "2023-05-01"),
('OB004', "Reparación de daños por humedad", "María López", "2023-04-01", "2023-06-01"),
('OB005', "Conservación de la obra", "Carlos Fernández", "2023-05-01", "2023-07-01"),
('OB006', "Restauración de escultura", "Verónica Díaz", "2023-06-01", "2023-08-01"),
('OB007', "Reparación de tela", "Fernando Ruiz", "2023-07-01", "2023-09-01"),
('OB008', "Conservación de pintura", "Elena Torres", "2023-08-01", "2023-10-01"),
('OB009', "Rehabilitación de la obra", "Javier Silva", "2023-09-01", "2023-11-01"),
('OB010', "Revisión estructural", "Patricia Morales", "2023-10-01", "2023-12-01"),
('OB011', "Tratamiento de plagas", "Ricardo Soto", "2023-11-01", "2024-01-01"),
('OB012', "Reparación de daños", "Claudia Ramírez", "2023-12-01", "2024-02-01"),
('OB013', "Restauración completa", "José Castillo", "2024-01-01", "2024-03-01"),
('OB014', "Conservación de materiales", "Lucía Herrera", "2024-02-01", "2024-04-01"),
('OB015', "Limpieza de la superficie", "Manuel Delgado", "2024-03-01", "2024-05-01"),
('OB016', "Reparación de la base", "Verónica Núñez", "2024-04-01", "2024-06-01"),
('OB017', "Rehabilitación de estructuras", "Alberto Medina", "2024-05-01", "2024-07-01"),
('OB018', "Conservación de color", "Marisol Gómez", "2024-06-01", "2024-08-01"),
('OB019', "Restauración de objetos decorativos", "Luis Ramos", "2024-07-01", "2024-09-01"),
('OB020', "Mantenimiento preventivo", "Inés Cruz", "2024-08-01", "2024-10-01"),
('OB021', "Reparación de componentes", "Ricardo Díaz", "2024-09-01", "2024-11-01"),
('OB022', "Rehabilitación de la pintura", "Elena García", "2024-10-01", "2024-12-01"),
('OB023', "Conservación de escultura", "Fernando Martínez", "2024-11-01", "2025-01-01"),
('OB024', "Revisión de conservación", "Ana Torres", "2024-12-01", "2025-02-01"),
('OB025', "Restauración de soportes", "Claudia Ramos", "2025-01-01", "2025-03-01"),
('OB026', "Tratamiento de humedad", "Javier Silva", "2025-02-01", "2025-04-01"),
('OB027', "Restauración de marcos", "Juan Pérez", "2025-03-01", "2025-05-01"),
('OB028', "Conservación de la obra", "Ana Gómez", "2025-04-01", "2025-06-01"),
('OB029', "Limpieza profunda", "María López", "2025-05-01", "2025-07-01"),
('OB030', "Restauración total", "Carlos Fernández", "2025-06-01", "2025-08-01");

INSERT INTO movimientos (FK_id_obra, Comentario_movimiento, Museo, Fecha_inicio_movimiento, Fecha_fin_movimiento) VALUES
('OB001', "Movimiento a exposición temporal", "Museo de Arte Moderno", "2024-01-10", "2024-02-10"),
('OB002', "Préstamo a otro museo", "Museo de Historia", "2024-02-15", "2024-03-15"),
('OB003', "Reubicación dentro del museo", "Museo de Antropología", "2024-03-20", "2024-04-20"),
('OB004', "Exposición especial", "Galería de Arte Contemporáneo", "2024-04-25", "2024-05-25"),
('OB005', "Retorno de préstamo", "Museo Nacional de Bellas Artes", "2024-05-30", "2024-06-30"),
('OB006', "Movimiento a conservación", "Centro de Conservación", "2024-06-10", "2024-07-10"),
('OB007', "Movimiento a exposición itinerante", "Museo del Oro", "2024-07-15", "2024-08-15"),
('OB008', "Movimiento a revisión técnica", "Centro de Fotografía", "2024-08-20", "2024-09-20"),
('OB009', "Reubicación en sala de arte contemporáneo", "Museo de Arte", "2024-09-10", "2024-10-10"),
('OB010', "Movimiento a restauración", "Centro de Restauración", "2024-10-05", "2024-11-05"),
('OB011', "Exposición especial en el extranjero", "Museo de Ciencias Naturales", "2024-11-10", "2024-12-10"),
('OB012', "Movimiento a almacén", "Museo de Historia Natural", "2024-12-15", "2025-01-15"),
('OB013', "Movimiento a obra en curso", "Museo de Arte Urbano", "2025-01-20", "2025-02-20"),
('OB014', "Movimiento por reubicación", "Museo de Cultura Popular", "2025-02-25", "2025-03-25"),
('OB015', "Movimiento por restauración", "Centro de Conservación", "2025-03-30", "2025-04-30"),
('OB016', "Movimiento a nueva exposición", "Centro Cultural", "2025-04-05", "2025-05-05"),
('OB017', "Movimiento a préstamo temporal", "Museo de Arte Decorativo", "2025-05-10", "2025-06-10"),
('OB018', "Movimiento a almacenamiento especial", "Museo de la Ciudad", "2025-06-15", "2025-07-15"),
('OB019', "Movimiento para restauración", "Centro de Restauración", "2025-07-20", "2025-08-20"),
('OB020', "Reubicación para nueva exposición", "Museo de Arte Infantil", "2025-08-25", "2025-09-25"),
('OB021', "Préstamo a galería externa", "Galería de Arte Digital", "2025-09-30", "2025-10-30"),
('OB022', "Movimiento a exposición temporal", "Museo de Diseño", "2025-10-05", "2025-11-05"),
('OB023', "Reubicación dentro del museo", "Museo de Historia", "2025-11-10", "2025-12-10"),
('OB024', "Movimiento a exposición especial", "Centro Cultural", "2025-12-15", "2026-01-15"),
('OB025', "Retorno de préstamo", "Museo de Ciencias Naturales", "2026-01-20", "2026-02-20"),
('OB026', "Movimiento a nueva sala", "Museo del Oro", "2026-02-25", "2026-03-25"),
('OB027', "Préstamo a museo internacional", "Museo de Arte", "2026-03-30", "2026-04-30"),
('OB028', "Reubicación por reestructuración", "Museo de Antropología", "2026-04-05", "2026-05-05"),
('OB029', "Movimiento a conservación", "Centro de Conservación", "2026-05-10", "2026-06-10"),
('OB030', "Movimiento por exposición", "Museo de Arte Popular", "2026-06-15", "2026-07-15");

INSERT INTO copias_seguridad (Nombre_copia, Descripcion_copia, Fecha_copia, FK_id_creador) VALUES
("Copia Seguridad 1", "Descripción de la copia de seguridad 1", "2024-01-01", 1),
("Copia Seguridad 2", "Descripción de la copia de seguridad 2", "2024-01-02", 2),
("Copia Seguridad 3", "Descripción de la copia de seguridad 3", "2024-01-03", 3),
("Copia Seguridad 4", "Descripción de la copia de seguridad 4", "2024-01-04", 4),
("Copia Seguridad 5", "Descripción de la copia de seguridad 5", "2024-01-05", 5),
("Copia Seguridad 6", "Descripción de la copia de seguridad 6", "2024-01-06", 6),
("Copia Seguridad 7", "Descripción de la copia de seguridad 7", "2024-01-07", 7),
("Copia Seguridad 8", "Descripción de la copia de seguridad 8", "2024-01-08", 8),
("Copia Seguridad 9", "Descripción de la copia de seguridad 9", "2024-01-09", 9),
("Copia Seguridad 10", "Descripción de la copia de seguridad 10", "2024-01-10", 10),
("Copia Seguridad 11", "Descripción de la copia de seguridad 11", "2024-01-11", 11),
("Copia Seguridad 12", "Descripción de la copia de seguridad 12", "2024-01-12", 12),
("Copia Seguridad 13", "Descripción de la copia de seguridad 13", "2024-01-13", 13),
("Copia Seguridad 14", "Descripción de la copia de seguridad 14", "2024-01-14", 14),
("Copia Seguridad 15", "Descripción de la copia de seguridad 15", "2024-01-15", 15),
("Copia Seguridad 16", "Descripción de la copia de seguridad 16", "2024-01-16", 1),
("Copia Seguridad 17", "Descripción de la copia de seguridad 17", "2024-01-17", 2),
("Copia Seguridad 18", "Descripción de la copia de seguridad 18", "2024-01-18", 3),
("Copia Seguridad 19", "Descripción de la copia de seguridad 19", "2024-01-19", 4),
("Copia Seguridad 20", "Descripción de la copia de seguridad 20", "2024-01-20", 5),
("Copia Seguridad 21", "Descripción de la copia de seguridad 21", "2024-01-21", 6),
("Copia Seguridad 22", "Descripción de la copia de seguridad 22", "2024-01-22", 7),
("Copia Seguridad 23", "Descripción de la copia de seguridad 23", "2024-01-23", 8),
("Copia Seguridad 24", "Descripción de la copia de seguridad 24", "2024-01-24", 9),
("Copia Seguridad 25", "Descripción de la copia de seguridad 25", "2024-01-25", 10),
("Copia Seguridad 26", "Descripción de la copia de seguridad 26", "2024-01-26", 11),
("Copia Seguridad 27", "Descripción de la copia de seguridad 27", "2024-01-27", 12),
("Copia Seguridad 28", "Descripción de la copia de seguridad 28", "2024-01-28", 13),
("Copia Seguridad 29", "Descripción de la copia de seguridad 29", "2024-01-29", 14),
("Copia Seguridad 30", "Descripción de la copia de seguridad 30", "2024-01-30", 15);


INSERT INTO vocabularios (Nombre_vocabulario) VALUES
("Classificació genèrica"),
("Material"),
("Codi Getty material"),
("Tècnica"),
("Codi Getty tècnica"),
("Codi autor"),
("Forma d'ingrés"),
("Baixa"),
("Causa de baixa"),
("Estat de conservació"),
("Tipus exposició"),
("Autories");

INSERT INTO campos (Nombre_campo, FK_vocabulario) VALUES
-- Forma d'ingrés
('Cessió', (SELECT ID_vocabulario FROM vocabularios WHERE Nombre_vocabulario = "Forma d'ingrés")),
('Comodat', (SELECT ID_vocabulario FROM vocabularios WHERE Nombre_vocabulario = "Forma d'ingrés")),
('Compra', (SELECT ID_vocabulario FROM vocabularios WHERE Nombre_vocabulario = "Forma d'ingrés")),
('Dació', (SELECT ID_vocabulario FROM vocabularios WHERE Nombre_vocabulario = "Forma d'ingrés")),
('Desconeguda', (SELECT ID_vocabulario FROM vocabularios WHERE Nombre_vocabulario = "Forma d'ingrés")),
('Dipòsit', (SELECT ID_vocabulario FROM vocabularios WHERE Nombre_vocabulario = "Forma d'ingrés")),
('Donació', (SELECT ID_vocabulario FROM vocabularios WHERE Nombre_vocabulario = "Forma d'ingrés")),
('Entrega obligatòria', (SELECT ID_vocabulario FROM vocabularios WHERE Nombre_vocabulario = "Forma d'ingrés")),
('Excavació', (SELECT ID_vocabulario FROM vocabularios WHERE Nombre_vocabulario = "Forma d'ingrés")),
('Expropiació', (SELECT ID_vocabulario FROM vocabularios WHERE Nombre_vocabulario = "Forma d'ingrés")),
('Herència', (SELECT ID_vocabulario FROM vocabularios WHERE Nombre_vocabulario = "Forma d'ingrés")),
('Intercanvi', (SELECT ID_vocabulario FROM vocabularios WHERE Nombre_vocabulario = "Forma d'ingrés")),
('Llegat', (SELECT ID_vocabulario FROM vocabularios WHERE Nombre_vocabulario = "Forma d'ingrés")),
('Ocupació', (SELECT ID_vocabulario FROM vocabularios WHERE Nombre_vocabulario = "Forma d'ingrés")),
('Ofrena', (SELECT ID_vocabulario FROM vocabularios WHERE Nombre_vocabulario = "Forma d'ingrés")),
('Permuta', (SELECT ID_vocabulario FROM vocabularios WHERE Nombre_vocabulario = "Forma d'ingrés")),
('Premi', (SELECT ID_vocabulario FROM vocabularios WHERE Nombre_vocabulario = "Forma d'ingrés")),
('Propietat directa', (SELECT ID_vocabulario FROM vocabularios WHERE Nombre_vocabulario = "Forma d'ingrés")),
('Recol·lecció', (SELECT ID_vocabulario FROM vocabularios WHERE Nombre_vocabulario = "Forma d'ingrés")),
('Recuperació', (SELECT ID_vocabulario FROM vocabularios WHERE Nombre_vocabulario = "Forma d'ingrés")),
('Successió interadministrativa', (SELECT ID_vocabulario FROM vocabularios WHERE Nombre_vocabulario = "Forma d'ingrés")),

-- Baixa
('No', (SELECT ID_vocabulario FROM vocabularios WHERE Nombre_vocabulario = "Baixa")),
('Sí', (SELECT ID_vocabulario FROM vocabularios WHERE Nombre_vocabulario = "Baixa")),

-- Causa de baixa
('Confiscació', (SELECT ID_vocabulario FROM vocabularios WHERE Nombre_vocabulario = "Causa de baixa")),
('Destrucció', (SELECT ID_vocabulario FROM vocabularios WHERE Nombre_vocabulario = "Causa de baixa")),
('Estat de conservació molt deficient', (SELECT ID_vocabulario FROM vocabularios WHERE Nombre_vocabulario = "Causa de baixa")),
('Manteniment i restauració onerós', (SELECT ID_vocabulario FROM vocabularios WHERE Nombre_vocabulario = "Causa de baixa")),
('Pèrdua', (SELECT ID_vocabulario FROM vocabularios WHERE Nombre_vocabulario = "Causa de baixa")),
('Robatori', (SELECT ID_vocabulario FROM vocabularios WHERE Nombre_vocabulario = "Causa de baixa")),
('Successió interadministrativa', (SELECT ID_vocabulario FROM vocabularios WHERE Nombre_vocabulario = "Causa de baixa")),
('Valor patrimonial insuficient', (SELECT ID_vocabulario FROM vocabularios WHERE Nombre_vocabulario = "Causa de baixa")),

-- Estat de conservació
('Bo', (SELECT ID_vocabulario FROM vocabularios WHERE Nombre_vocabulario = "Estat de conservació")),
('Dolent', (SELECT ID_vocabulario FROM vocabularios WHERE Nombre_vocabulario = "Estat de conservació")),
('Excel·lent', (SELECT ID_vocabulario FROM vocabularios WHERE Nombre_vocabulario = "Estat de conservació")),
('Indeterminat', (SELECT ID_vocabulario FROM vocabularios WHERE Nombre_vocabulario = "Estat de conservació")),
('Desconeguda', (SELECT ID_vocabulario FROM vocabularios WHERE Nombre_vocabulario = "Estat de conservació")),
('Regular', (SELECT ID_vocabulario FROM vocabularios WHERE Nombre_vocabulario = "Estat de conservació")),

-- Tipus exposició
('Aliena', (SELECT ID_vocabulario FROM vocabularios WHERE Nombre_vocabulario = "Tipus exposició")),
('Pròpia', (SELECT ID_vocabulario FROM vocabularios WHERE Nombre_vocabulario = "Tipus exposició"));